{"cameraMode":{"drawMode":0,"name":"Shaded","section":"Shading Mode"},"sceneLighting":false,"audioPlay":false,"sceneViewState":{"m_AlwaysRefresh":false,"showFog":true,"showSkybox":false,"showFlares":true,"showImageEffects":true,"showParticleSystems":true,"showVisualEffectGraphs":true,"m_FxEnabled":true},"in2DMode":false,"pivot":{"x":1.2776103019714356,"y":0.019150376319885255,"z":3.4974899291992189},"rotation":{"x":-0.010342743247747422,"y":0.7246463298797607,"z":-0.010863441042602063,"w":-0.6890227794647217},"size":2.311889886856079,"orthographic":true}